<?xml version="1.0" encoding="UTF-8"?>
<teamcity-plugin xmlns:xsi="http://www.w3.org/2001/XMLSchema-instance"
                 xsi:noNamespaceSchemaLocation="urn:shemas-jetbrains-com:teamcity-plugin-v1-xml">
  <info>
    <name>command.line</name> <!-- the name of plugin used in teamcity -->
    <display-name>Command-line runner for personal builds</display-name>
    <version>@Plugin_Version@</version>
    <description>Allows to run personal builds from the command line.</description>
    <vendor>
      <name>@Plugin_Vendor@</name>
      <url>@Plugin_Vendor_Url@</url>
    </vendor>
  </info>
  <deployment use-separate-classloader="true" />
</teamcity-plugin>